SNP Id,Location,Position in protein,Gene ID,Gene strand,Has Non-synonymous,Major Allele,Major Allele Frequency,Major Product,Minor Allele,Minor Allele Frequency,Minor Product,Position in CDS,SNP context,SNP context (Gene Strand),Reference Allele,Reference Allele (gene strand),Coding
NGS_SNP.bcin_chr_1.1256810,"bcin_chr_1: 1,256,810",N/A,N/A,N/A,N/A,C,N/A,N/A,T,N/A,N/A,N/A,"TAAGACACGTCTTCTTTGCAGCTTAGAATT<span style=\color: red;font-weight: 500;background-color: #CCCCCC\"">T</span>ACCTGCATATGTATATACAGCCTATCGGGT""",N/A,T,N/A,non-coding
NGS_SNP.bcin_chr_1.1635167,"bcin_chr_1: 1,635,167",N/A,Bcin01g04480,forward,N/A,C,N/A,N/A,A,N/A,N/A,N/A,"TCATATCTTTGGATTCAAGAAGATAAAAGA<span style=\color: red;font-weight: 500;background-color: #CCCCCC\"">C</span>ACCCAATACCCAGCACACCAAGAACACACA""",N/A,C,N/A,non-coding
NGS_SNP.bcin_chr_1.1755088,"bcin_chr_1: 1,755,088",N/A,Bcin01g04860,reverse,N/A,A,N/A,N/A,C,N/A,N/A,N/A,"ACGCCTCCACTCGCTCACGATCCACGTGCA<span style=\color: red;font-weight: 500;background-color: #CCCCCC\"">C</span>TGTCTTAATCCTCAAGGCCAGGAAAGCCGT""","ACGGCTTTCCTGGCCTTGAGGATTAAGACA<span style=\color: red;font-weight: 500;background-color: #CCCCCC\"">G</span>TGCACGTGGATCGTGAGCGAGTGGAGGCGT""",C,G,non-coding
NGS_SNP.bcin_chr_1.1756228,"bcin_chr_1: 1,756,228",N/A,N/A,N/A,N/A,G,N/A,N/A,A,N/A,N/A,N/A,"ATTATGATCGCTTATTGGATTTACTAGACT<span style=\color: red;font-weight: 500;background-color: #CCCCCC\"">A</span>AAGTCTATTCTTTGAAGATAGCTTCTGTAT""",N/A,A,N/A,non-coding
NGS_SNP.bcin_chr_1.1756268,"bcin_chr_1: 1,756,268",N/A,N/A,N/A,N/A,G,N/A,N/A,A,N/A,N/A,N/A,"CTTTGAAGATAGCTTCTGTATCCATATGTG<span style=\color: red;font-weight: 500;background-color: #CCCCCC\"">A</span>TTCGAGTTCTCATCACTAATCATACCTGGT""",N/A,A,N/A,non-coding
NGS_SNP.bcin_chr_1.1756284,"bcin_chr_1: 1,756,284",N/A,N/A,N/A,N/A,G,N/A,N/A,C,N/A,N/A,N/A,"TGTATCCATATGTGATTCGAGTTCTCATCA<span style=\color: red;font-weight: 500;background-color: #CCCCCC\"">C</span>TAATCATACCTGGTAAAGATTGTCCACCCG""",N/A,C,N/A,non-coding
NGS_SNP.bcin_chr_1.1756291,"bcin_chr_1: 1,756,291",N/A,N/A,N/A,N/A,C,N/A,N/A,T,N/A,N/A,N/A,"ATATGTGATTCGAGTTCTCATCACTAATCA<span style=\color: red;font-weight: 500;background-color: #CCCCCC\"">T</span>ACCTGGTAAAGATTGTCCACCCGAGACTTG""",N/A,T,N/A,non-coding
NGS_SNP.bcin_chr_1.1756305,"bcin_chr_1: 1,756,305",N/A,N/A,N/A,N/A,A,N/A,N/A,T,N/A,N/A,N/A,"TTCTCATCACTAATCATACCTGGTAAAGAT<span style=\color: red;font-weight: 500;background-color: #CCCCCC\"">T</span>GTCCACCCGAGACTTGAAAGAACTCTAAAT""",N/A,T,N/A,non-coding
NGS_SNP.bcin_chr_1.1756317,"bcin_chr_1: 1,756,317",N/A,N/A,N/A,N/A,G,N/A,N/A,A,N/A,N/A,N/A,"ATCATACCTGGTAAAGATTGTCCACCCGAG<span style=\color: red;font-weight: 500;background-color: #CCCCCC\"">A</span>CTTGAAAGAACTCTAAATTCGGAAATGTTT""",N/A,A,N/A,non-coding
NGS_SNP.bcin_chr_1.3641156,"bcin_chr_1: 3,641,156",N/A,Bcin01g10450,reverse,N/A,A,N/A,N/A,C,N/A,N/A,N/A,"CGAGATGTTGCTTATTATATGTATTTATTC<span style=\color: red;font-weight: 500;background-color: #CCCCCC\"">C</span>TTTGAATGAGTAACTGTGGTATATCTTCAT""","ATGAAGATATACCACAGTTACTCATTCAAA<span style=\color: red;font-weight: 500;background-color: #CCCCCC\"">G</span>GAATAAATACATATAATAAGCAACATCTCG""",C,G,non-coding
NGS_SNP.bcin_chr_1.3641157,"bcin_chr_1: 3,641,157",N/A,Bcin01g10450,reverse,N/A,C,N/A,N/A,T,N/A,N/A,N/A,"GAGATGTTGCTTATTATATGTATTTATTCC<span style=\color: red;font-weight: 500;background-color: #CCCCCC\"">T</span>TTGAATGAGTAACTGTGGTATATCTTCATA""","TATGAAGATATACCACAGTTACTCATTCAA<span style=\color: red;font-weight: 500;background-color: #CCCCCC\"">A</span>GGAATAAATACATATAATAAGCAACATCTC""",T,A,non-coding
NGS_SNP.bcin_chr_10.136917,"bcin_chr_10: 136,917",40,Bcin10g00370,forward,Synonymous,A,N/A,A,G,N/A,N/A,120,"ATTTTCAGTCTTAAGTCCTGATGTACGAGC<span style=\color: red;font-weight: 500;background-color: #CCCCCC\"">G</span>TCAGTGTACAACCCAGTTCTTCAATCTCAT""",N/A,G,N/A,coding
NGS_SNP.bcin_chr_10.1885413,"bcin_chr_10: 1,885,413",95,Bcin10g05000,forward,Has Non-Synonymous,C,N/A,A,A,N/A,E,284,"CCGTAGAAGCGGCAGAGACTATATTCAAAG<span style=\color: red;font-weight: 500;background-color: #CCCCCC\"">A</span>AGCCAACGAGGGAATGGAGGTTGATCGCGT""",N/A,A,N/A,coding
NGS_SNP.bcin_chr_10.1885423,"bcin_chr_10: 1,885,423",98,Bcin10g05000,forward,Synonymous,A,N/A,E,G,N/A,N/A,294,"GGCAGAGACTATATTCAAAGAAGCCAACGA<span style=\color: red;font-weight: 500;background-color: #CCCCCC\"">G</span>GGAATGGAGGTTGATCGCGTTGCATGAAGG""",N/A,G,N/A,coding
NGS_SNP.bcin_chr_10.744090,"bcin_chr_10: 744,090",N/A,N/A,N/A,N/A,A,N/A,N/A,G,N/A,N/A,N/A,"CAACGATAAATATATGGAGATCAATATTAC<span style=\color: red;font-weight: 500;background-color: #CCCCCC\"">A</span>CACACTTGCTACTTATTGAGCTCATGGGTG""",N/A,A,N/A,non-coding
NGS_SNP.bcin_chr_11.1262476,"bcin_chr_11: 1,262,476",N/A,N/A,N/A,N/A,G,N/A,N/A,A,N/A,N/A,N/A,"TGCACACATAGCGCTGGAGGGATTCTTAGG<span style=\color: red;font-weight: 500;background-color: #CCCCCC\"">A</span>GGGGTATGGGATGGGATGGGATAATGGTGG""",N/A,A,N/A,non-coding
NGS_SNP.bcin_chr_11.579231,"bcin_chr_11: 579,231",N/A,N/A,N/A,N/A,T,N/A,N/A,C,N/A,N/A,N/A,"AAGATACAAGCTTTAACTTAGGATCCAAAT<span style=\color: red;font-weight: 500;background-color: #CCCCCC\"">T</span>TCAAGGGCAAATTGCACACCAAAAATTCTA""",N/A,T,N/A,non-coding
NGS_SNP.bcin_chr_12.199763,"bcin_chr_12: 199,763",N/A,N/A,N/A,N/A,T,N/A,N/A,C,N/A,N/A,N/A,"TCGGGGTATCTACTGAGTAGTACAAGAAAC<span style=\color: red;font-weight: 500;background-color: #CCCCCC\"">C</span>TGTTGGCGAACTGTCTATTGAGCCACTTGT""",N/A,C,N/A,non-coding
NGS_SNP.bcin_chr_12.199773,"bcin_chr_12: 199,773",N/A,N/A,N/A,N/A,G,N/A,N/A,A,N/A,N/A,N/A,"TACTGAGTAGTACAAGAAACCTGTTGGCGA<span style=\color: red;font-weight: 500;background-color: #CCCCCC\"">A</span>CTGTCTATTGAGCCACTTGTTTGCCGATCG""",N/A,A,N/A,non-coding
NGS_SNP.bcin_chr_12.199814,"bcin_chr_12: 199,814",N/A,N/A,N/A,N/A,G,N/A,N/A,A,N/A,N/A,N/A,"AGCCACTTGTTTGCCGATCGTTATCATTTG<span style=\color: red;font-weight: 500;background-color: #CCCCCC\"">A</span>CTCTGAGAATATTAGTGTCACAAATTAAAA""",N/A,A,N/A,non-coding
NGS_SNP.bcin_chr_12.292227,"bcin_chr_12: 292,227",341,Bcin12g00770,forward,Synonymous,T,N/A,G,C,N/A,N/A,1023,"TGAGCGTTTCAATTGGTTGATTCTTGAAGG<span style=\color: red;font-weight: 500;background-color: #CCCCCC\"">C</span>AGAGATGGTGAGAATGAAGATTTGGTTGGA""",N/A,C,N/A,coding
NGS_SNP.bcin_chr_12.307823,"bcin_chr_12: 307,823",N/A,N/A,N/A,N/A,T,N/A,N/A,C,N/A,N/A,N/A,"CGGTTCGCGAAGCTAGAATGACCTTTTGGG<span style=\color: red;font-weight: 500;background-color: #CCCCCC\"">C</span>GGATAGATGTGCGGTGGTGAGTATTATGTA""",N/A,C,N/A,non-coding
NGS_SNP.bcin_chr_12.310474,"bcin_chr_12: 310,474",N/A,Bcin12g00840,reverse,N/A,T,N/A,N/A,C,N/A,N/A,N/A,"GTAATGGGTATGTGATTGTAACAAAGCAAT<span style=\color: red;font-weight: 500;background-color: #CCCCCC\"">C</span>GATATCCGTCTGAATTGAGGATACGTATCG""","CGATACGTATCCTCAATTCAGACGGATATC<span style=\color: red;font-weight: 500;background-color: #CCCCCC\"">G</span>ATTGCTTTGTTACAATCACATACCCATTAC""",C,G,non-coding
NGS_SNP.bcin_chr_12.417951,"bcin_chr_12: 417,951",352,Bcin12g01220,reverse,Synonymous,G,N/A,I,A,N/A,N/A,1056,"ATAATTATCGACGGGCTTACCATCTGGACC<span style=\color: red;font-weight: 500;background-color: #CCCCCC\"">G</span>ATTCCTCTGTGGGCTTTCTGGTTACGTTTT""","AAAACGTAACCAGAAAGCCCACAGAGGAAT<span style=\color: red;font-weight: 500;background-color: #CCCCCC\"">C</span>GGTCCAGATGGTAAGCCCGTCGATAATTAT""",G,C,coding
NGS_SNP.bcin_chr_13.1435425,"bcin_chr_13: 1,435,425",N/A,N/A,N/A,N/A,C,N/A,N/A,T,N/A,N/A,N/A,"TTGTCAGTTTTGAGCAGCATGATTTACAGG<span style=\color: red;font-weight: 500;background-color: #CCCCCC\"">C</span>CGCTCTTTATATATCAAGTAGTTTTCTTTC""",N/A,C,N/A,non-coding
NGS_SNP.bcin_chr_13.290250,"bcin_chr_13: 290,250",N/A,Bcin13g00730,reverse,N/A,A,N/A,N/A,C,N/A,N/A,N/A,"AGACATAGTTGCTACAACCTGCAGACAAGG<span style=\color: red;font-weight: 500;background-color: #CCCCCC\"">A</span>CGAGTTTGGAGATATTACTGAGGGAGAGGG""","CCCTCTCCCTCAGTAATATCTCCAAACTCG<span style=\color: red;font-weight: 500;background-color: #CCCCCC\"">T</span>CCTTGTCTGCAGGTTGTAGCAACTATGTCT""",A,T,non-coding
NGS_SNP.bcin_chr_13.798080,"bcin_chr_13: 798,080",N/A,N/A,N/A,N/A,G,N/A,N/A,A,N/A,N/A,N/A,"AGCTAGATTTCAGCAGACACTCTTTCACGT<span style=\color: red;font-weight: 500;background-color: #CCCCCC\"">G</span>CCATCTAGATTTTCATTTCTCAATCGCCAT""",N/A,G,N/A,non-coding
NGS_SNP.bcin_chr_13.798087,"bcin_chr_13: 798,087",N/A,N/A,N/A,N/A,A,N/A,N/A,G,N/A,N/A,N/A,"TTTCAGCAGACACTCTTTCACGTGCCATCT<span style=\color: red;font-weight: 500;background-color: #CCCCCC\"">A</span>GATTTTCATTTCTCAATCGCCATCTTTATA""",N/A,A,N/A,non-coding
NGS_SNP.bcin_chr_13.798114,"bcin_chr_13: 798,114",N/A,N/A,N/A,N/A,T,N/A,N/A,C,N/A,N/A,N/A,"TCTAGATTTTCATTTCTCAATCGCCATCTT<span style=\color: red;font-weight: 500;background-color: #CCCCCC\"">T</span>ATATTCTACAACCACGAAGTGAATTCACGA""",N/A,T,N/A,non-coding
NGS_SNP.bcin_chr_13.798118,"bcin_chr_13: 798,118",N/A,N/A,N/A,N/A,T,N/A,N/A,C,N/A,N/A,N/A,"GATTTTCATTTCTCAATCGCCATCTTTATA<span style=\color: red;font-weight: 500;background-color: #CCCCCC\"">T</span>TCTACAACCACGAAGTGAATTCACGAGGTT""",N/A,T,N/A,non-coding
NGS_SNP.bcin_chr_13.798133,"bcin_chr_13: 798,133",N/A,N/A,N/A,N/A,G,N/A,N/A,A,N/A,N/A,N/A,"ATCGCCATCTTTATATTCTACAACCACGAA<span style=\color: red;font-weight: 500;background-color: #CCCCCC\"">G</span>TGAATTCACGAGGTTAGATGAAATAACTCG""",N/A,G,N/A,non-coding
NGS_SNP.bcin_chr_13.798134,"bcin_chr_13: 798,134",N/A,N/A,N/A,N/A,T,N/A,N/A,A,N/A,N/A,N/A,"TCGCCATCTTTATATTCTACAACCACGAAG<span style=\color: red;font-weight: 500;background-color: #CCCCCC\"">T</span>GAATTCACGAGGTTAGATGAAATAACTCGG""",N/A,T,N/A,non-coding
NGS_SNP.bcin_chr_13.798145,"bcin_chr_13: 798,145",N/A,N/A,N/A,N/A,G,N/A,N/A,C,N/A,N/A,N/A,"ATATTCTACAACCACGAAGTGAATTCACGA<span style=\color: red;font-weight: 500;background-color: #CCCCCC\"">G</span>GTTAGATGAAATAACTCGGTGATCTCTTCA""",N/A,G,N/A,non-coding
NGS_SNP.bcin_chr_13.798149,"bcin_chr_13: 798,149",N/A,N/A,N/A,N/A,A,N/A,N/A,G,N/A,N/A,N/A,"TCTACAACCACGAAGTGAATTCACGAGGTT<span style=\color: red;font-weight: 500;background-color: #CCCCCC\"">A</span>GATGAAATAACTCGGTGATCTCTTCAAACG""",N/A,A,N/A,non-coding
NGS_SNP.bcin_chr_13.798160,"bcin_chr_13: 798,160",N/A,N/A,N/A,N/A,C,N/A,N/A,A,N/A,N/A,N/A,"GAAGTGAATTCACGAGGTTAGATGAAATAA<span style=\color: red;font-weight: 500;background-color: #CCCCCC\"">C</span>TCGGTGATCTCTTCAAACGTGTGCTGTCAG""",N/A,C,N/A,non-coding
NGS_SNP.bcin_chr_13.798167,"bcin_chr_13: 798,167",N/A,N/A,N/A,N/A,A,N/A,N/A,G,N/A,N/A,N/A,"ATTCACGAGGTTAGATGAAATAACTCGGTG<span style=\color: red;font-weight: 500;background-color: #CCCCCC\"">A</span>TCTCTTCAAACGTGTGCTGTCAGCATAAAT""",N/A,A,N/A,non-coding
NGS_SNP.bcin_chr_14.1212777,"bcin_chr_14: 1,212,777",N/A,N/A,N/A,N/A,T,N/A,N/A,G,N/A,N/A,N/A,"GGTGTCGTCATGGTGTTCTAAGTTTAAAAT<span style=\color: red;font-weight: 500;background-color: #CCCCCC\"">T</span>ATTCGAAAATAGGGACTTTACCAAGATTTT""",N/A,T,N/A,non-coding
NGS_SNP.bcin_chr_14.1536892,"bcin_chr_14: 1,536,892",N/A,N/A,N/A,N/A,G,N/A,N/A,A,N/A,N/A,N/A,"AGCGCCTGAGAAGTCTGATAATGACAAGGG<span style=\color: red;font-weight: 500;background-color: #CCCCCC\"">G</span>TTCCAAATGATCTATTTAGACTTCGGAGGG""",N/A,G,N/A,non-coding
NGS_SNP.bcin_chr_15.343903,"bcin_chr_15: 343,903",N/A,N/A,N/A,N/A,C,N/A,N/A,A,N/A,N/A,N/A,"TAGATGGTTCATCCTCTTTGGCGTCCTCAG<span style=\color: red;font-weight: 500;background-color: #CCCCCC\"">C</span>TGATGATATGGGACATAGAGCATGGAAAGT""",N/A,C,N/A,non-coding
NGS_SNP.bcin_chr_16.249839,"bcin_chr_16: 249,839",N/A,N/A,N/A,N/A,A,N/A,N/A,G,N/A,N/A,N/A,"TGACGAATGAATGATGATGATGATGGGATG<span style=\color: red;font-weight: 500;background-color: #CCCCCC\"">A</span>ATGGATGGATGGATGGATAAATGGATTTAT""",N/A,A,N/A,non-coding
NGS_SNP.bcin_chr_2.2929827,"bcin_chr_2: 2,929,827",N/A,N/A,N/A,N/A,T,N/A,N/A,A,N/A,N/A,N/A,"GGTGTTAATGAAGATGAGAAAGAGAATGGA<span style=\color: red;font-weight: 500;background-color: #CCCCCC\"">T</span>TACTTCTTCGCACCTACGGAGGCAAAAAGT""",N/A,T,N/A,non-coding
NGS_SNP.bcin_chr_2.2929828,"bcin_chr_2: 2,929,828",N/A,N/A,N/A,N/A,T,N/A,N/A,C,N/A,N/A,N/A,"GTGTTAATGAAGATGAGAAAGAGAATGGAT<span style=\color: red;font-weight: 500;background-color: #CCCCCC\"">T</span>ACTTCTTCGCACCTACGGAGGCAAAAAGTG""",N/A,T,N/A,non-coding
NGS_SNP.bcin_chr_2.2929845,"bcin_chr_2: 2,929,845",N/A,N/A,N/A,N/A,G,N/A,N/A,T,N/A,N/A,N/A,"AAAGAGAATGGATTACTTCTTCGCACCTAC<span style=\color: red;font-weight: 500;background-color: #CCCCCC\"">G</span>GAGGCAAAAAGTGAGGATCCAAAAGTGAAA""",N/A,G,N/A,non-coding
NGS_SNP.bcin_chr_2.2937272,"bcin_chr_2: 2,937,272",660,Bcin02g08180,reverse,Synonymous,G,N/A,P,A,N/A,N/A,1980,"GGCGCCTACGGCTGGACTATCTACTCTTTG<span style=\color: red;font-weight: 500;background-color: #CCCCCC\"">G</span>GGTGTGCCTGCCAATCCTTCTAATCCACTT""","AAGTGGATTAGAAGGATTGGCAGGCACACC<span style=\color: red;font-weight: 500;background-color: #CCCCCC\"">C</span>CAAAGAGTAGATAGTCCAGCCGTAGGCGCC""",G,C,coding
NGS_SNP.bcin_chr_2.2937404,"bcin_chr_2: 2,937,404",616,Bcin02g08180,reverse,Synonymous,A,N/A,A,G,N/A,N/A,1848,"AGCGTTATTTTGAGCAGGAGTCCCATTTGC<span style=\color: red;font-weight: 500;background-color: #CCCCCC\"">A</span>GCGGCGGCAACGGCGGCGGCAATTGGATTT""","AAATCCAATTGCCGCCGCCGTTGCCGCCGC<span style=\color: red;font-weight: 500;background-color: #CCCCCC\"">T</span>GCAAATGGGACTCCTGCTCAAAATAACGCT""",A,T,coding
NGS_SNP.bcin_chr_2.2950279,"bcin_chr_2: 2,950,279",N/A,Bcin02g08240,forward,N/A,A,N/A,N/A,T,N/A,N/A,N/A,"CCAAGATAAACATATTCCGAATATAAACTT<span style=\color: red;font-weight: 500;background-color: #CCCCCC\"">A</span>ATTTAACGACAATCTGTCACATACGACCAT""",N/A,A,N/A,non-coding
NGS_SNP.bcin_chr_2.2950541,"bcin_chr_2: 2,950,541",N/A,Bcin02g08240,forward,N/A,C,N/A,N/A,A,N/A,N/A,N/A,"ATTTCCATTTTGGCTTTTAGTTCAGTATGG<span style=\color: red;font-weight: 500;background-color: #CCCCCC\"">C</span>TTAATGATGAATAACTTAACTACATGTTTG""",N/A,C,N/A,non-coding
NGS_SNP.bcin_chr_2.2950608,"bcin_chr_2: 2,950,608",N/A,Bcin02g08240,forward,N/A,T,N/A,N/A,A,N/A,N/A,N/A,"GAGGAAGAGGACTGTTCTCGAGAGAGTTAA<span style=\color: red;font-weight: 500;background-color: #CCCCCC\"">A</span>GGCCTGTTTGTTGTGTGGTCATCAATACGT""",N/A,A,N/A,non-coding
NGS_SNP.bcin_chr_2.2950868,"bcin_chr_2: 2,950,868",N/A,N/A,N/A,N/A,G,N/A,N/A,C,N/A,N/A,N/A,"TCCTGATCAAGGGACAGGTAGTAAATGGTT<span style=\color: red;font-weight: 500;background-color: #CCCCCC\"">C</span>TATGAACACTTACTCACGCCTGACAAAATC""",N/A,C,N/A,non-coding
NGS_SNP.bcin_chr_2.2999621,"bcin_chr_2: 2,999,621",N/A,N/A,N/A,N/A,T,N/A,N/A,C,N/A,N/A,N/A,"ATTTTTAAGATTCATATTCATACGACTTAA<span style=\color: red;font-weight: 500;background-color: #CCCCCC\"">T</span>GTTGTCTGGAGAACATACAAAAAAGAGAAG""",N/A,T,N/A,non-coding
NGS_SNP.bcin_chr_2.3011339,"bcin_chr_2: 3,011,339",N/A,Bcin02g08430,forward,N/A,C,N/A,N/A,T,N/A,N/A,N/A,"CCTACCCGGATATGATGAATAATACCACGA<span style=\color: red;font-weight: 500;background-color: #CCCCCC\"">C</span>CCTGCAACACTACGAAAAGATACGAACACA""",N/A,C,N/A,non-coding
NGS_SNP.bcin_chr_2.3263313,"bcin_chr_2: 3,263,313",555,Bcin02g09200,reverse,Synonymous,G,N/A,L,C,N/A,N/A,1665,"ACCTTCGAAACCCAACTCTTCCAATTTGTC<span style=\color: red;font-weight: 500;background-color: #CCCCCC\"">G</span>AGGAAATCTTCCAGTTTGACCCTAAGTGCG""","CGCACTTAGGGTCAAACTGGAAGATTTCCT<span style=\color: red;font-weight: 500;background-color: #CCCCCC\"">C</span>GACAAATTGGAAGAGTTGGGTTTCGAAGGT""",G,C,coding
NGS_SNP.bcin_chr_2.3263773,"bcin_chr_2: 3,263,773",402,Bcin02g09200,reverse,Has Non-Synonymous,G,N/A,A,A,N/A,V,1205,"TCAACCGGATCTTCATATTCTTGTGGTTTT<span style=\color: red;font-weight: 500;background-color: #CCCCCC\"">G</span>CCGTCTCAATCAATGGGCTTGGACTTGCTA""","TAGCAAGTCCAAGCCCATTGATTGAGACGG<span style=\color: red;font-weight: 500;background-color: #CCCCCC\"">C</span>AAAACCACAAGAATATGAAGATCCGGTTGA""",G,C,coding
NGS_SNP.bcin_chr_2.3270431,"bcin_chr_2: 3,270,431",N/A,N/A,N/A,N/A,G,N/A,N/A,A,N/A,N/A,N/A,"TCGATGAATTTCATTGTCCTACTCAACACA<span style=\color: red;font-weight: 500;background-color: #CCCCCC\"">G</span>TGTCCTCATCGTTCAAGAAAATTAGCTGAC""",N/A,G,N/A,non-coding
NGS_SNP.bcin_chr_3.2553161,"bcin_chr_3: 2,553,161",N/A,N/A,N/A,N/A,T,N/A,N/A,C,N/A,N/A,N/A,"TTCTGCATAGTTGAACTGTTGTTTTTGGCG<span style=\color: red;font-weight: 500;background-color: #CCCCCC\"">T</span>GTGGGAAATCCTGCCTGGGTTCTCTGTGTC""",N/A,T,N/A,non-coding
NGS_SNP.bcin_chr_4.1529590,"bcin_chr_4: 1,529,590",N/A,Bcin04g04350,reverse,N/A,T,N/A,N/A,G,N/A,N/A,N/A,"AGGAGAGTAGAGGGATGATGTTCAGAACAA<span style=\color: red;font-weight: 500;background-color: #CCCCCC\"">T</span>CCAAAGGAAGATCAACAAATGGGTGGGAGA""","TCTCCCACCCATTTGTTGATCTTCCTTTGG<span style=\color: red;font-weight: 500;background-color: #CCCCCC\"">A</span>TTGTTCTGAACATCATCCCTCTACTCTCCT""",T,A,non-coding
NGS_SNP.bcin_chr_4.1529712,"bcin_chr_4: 1,529,712",N/A,Bcin04g04350,reverse,N/A,G,N/A,N/A,A,N/A,N/A,N/A,"CGTCTAGACTTGCCGTACGATAGTCGCCCT<span style=\color: red;font-weight: 500;background-color: #CCCCCC\"">G</span>AAGATTTTAGGGCGTGCTAGGTATAATATA""","TATATTATACCTAGCACGCCCTAAAATCTT<span style=\color: red;font-weight: 500;background-color: #CCCCCC\"">C</span>AGGGCGACTATCGTACGGCAAGTCTAGACG""",G,C,non-coding
NGS_SNP.bcin_chr_4.1529718,"bcin_chr_4: 1,529,718",N/A,Bcin04g04350,reverse,N/A,T,N/A,N/A,G,N/A,N/A,N/A,"GACTTGCCGTACGATAGTCGCCCTGAAGAT<span style=\color: red;font-weight: 500;background-color: #CCCCCC\"">T</span>TTAGGGCGTGCTAGGTATAATATAGATCAT""","ATGATCTATATTATACCTAGCACGCCCTAA<span style=\color: red;font-weight: 500;background-color: #CCCCCC\"">A</span>ATCTTCAGGGCGACTATCGTACGGCAAGTC""",T,A,non-coding
NGS_SNP.bcin_chr_4.827902,"bcin_chr_4: 827,902",N/A,Bcin04g02170,reverse,N/A,A,N/A,N/A,G,N/A,N/A,N/A,"ATCTTGGGTATTTTGCCAAAATCTATTCTC<span style=\color: red;font-weight: 500;background-color: #CCCCCC\"">A</span>CCTCGCCGGTAGCTATGGATTAAGTATTGT""","ACAATACTTAATCCATAGCTACCGGCGAGG<span style=\color: red;font-weight: 500;background-color: #CCCCCC\"">T</span>GAGAATAGATTTTGGCAAAATACCCAAGAT""",A,T,non-coding
NGS_SNP.bcin_chr_4.827903,"bcin_chr_4: 827,903",N/A,Bcin04g02170,reverse,N/A,C,N/A,N/A,T,N/A,N/A,N/A,"TCTTGGGTATTTTGCCAAAATCTATTCTCA<span style=\color: red;font-weight: 500;background-color: #CCCCCC\"">C</span>CTCGCCGGTAGCTATGGATTAAGTATTGTC""","GACAATACTTAATCCATAGCTACCGGCGAG<span style=\color: red;font-weight: 500;background-color: #CCCCCC\"">G</span>TGAGAATAGATTTTGGCAAAATACCCAAGA""",C,G,non-coding
NGS_SNP.bcin_chr_4.827947,"bcin_chr_4: 827,947",113,Bcin04g02170,reverse,Has Non-Synonymous,A,N/A,L,G,N/A,P,338,"ATGGATTAAGTATTGTCACTGCCGAAGAAT<span style=\color: red;font-weight: 500;background-color: #CCCCCC\"">A</span>GATGTTCTAAAGCCTCCCTTGCACTGAGCC""","GGCTCAGTGCAAGGGAGGCTTTAGAACATC<span style=\color: red;font-weight: 500;background-color: #CCCCCC\"">T</span>ATTCTTCGGCAGTGACAATACTTAATCCAT""",A,T,coding
NGS_SNP.bcin_chr_4.827964,"bcin_chr_4: 827,964",107,Bcin04g02170,reverse,Has Non-Synonymous,C,N/A,R,T,N/A,G,321,"ACTGCCGAAGAATAGATGTTCTAAAGCCTC<span style=\color: red;font-weight: 500;background-color: #CCCCCC\"">C</span>CTTGCACTGAGCCTATTTGAAGGATCCAAC""","GTTGGATCCTTCAAATAGGCTCAGTGCAAG<span style=\color: red;font-weight: 500;background-color: #CCCCCC\"">G</span>GAGGCTTTAGAACATCTATTCTTCGGCAGT""",C,G,coding
NGS_SNP.bcin_chr_4.827966,"bcin_chr_4: 827,966",107,Bcin04g02170,reverse,Has Non-Synonymous,T,N/A,R,C,N/A,G,319,"TGCCGAAGAATAGATGTTCTAAAGCCTCCC<span style=\color: red;font-weight: 500;background-color: #CCCCCC\"">T</span>TGCACTGAGCCTATTTGAAGGATCCAACCT""","AGGTTGGATCCTTCAAATAGGCTCAGTGCA<span style=\color: red;font-weight: 500;background-color: #CCCCCC\"">A</span>GGGAGGCTTTAGAACATCTATTCTTCGGCA""",T,A,coding
NGS_SNP.bcin_chr_4.827978,"bcin_chr_4: 827,978",103,Bcin04g02170,reverse,Has Non-Synonymous,T,N/A,R,A,N/A,W,307,"GATGTTCTAAAGCCTCCCTTGCACTGAGCC<span style=\color: red;font-weight: 500;background-color: #CCCCCC\"">T</span>ATTTGAAGGATCCAACCTCGCCATATTCAC""","GTGAATATGGCGAGGTTGGATCCTTCAAAT<span style=\color: red;font-weight: 500;background-color: #CCCCCC\"">A</span>GGCTCAGTGCAAGGGAGGCTTTAGAACATC""",T,A,coding
NGS_SNP.bcin_chr_4.827981,"bcin_chr_4: 827,981",102,Bcin04g02170,reverse,Has Non-Synonymous,T,N/A,N,G,N/A,H,304,"GTTCTAAAGCCTCCCTTGCACTGAGCCTAT<span style=\color: red;font-weight: 500;background-color: #CCCCCC\"">T</span>TGAAGGATCCAACCTCGCCATATTCACAAC""","GTTGTGAATATGGCGAGGTTGGATCCTTCA<span style=\color: red;font-weight: 500;background-color: #CCCCCC\"">A</span>ATAGGCTCAGTGCAAGGGAGGCTTTAGAAC""",T,A,coding
NGS_SNP.bcin_chr_4.827984,"bcin_chr_4: 827,984",101,Bcin04g02170,reverse,Has Non-Synonymous,A,N/A,S,C,N/A,A,301,"CTAAAGCCTCCCTTGCACTGAGCCTATTTG<span style=\color: red;font-weight: 500;background-color: #CCCCCC\"">A</span>AGGATCCAACCTCGCCATATTCACAACCAG""","CTGGTTGTGAATATGGCGAGGTTGGATCCT<span style=\color: red;font-weight: 500;background-color: #CCCCCC\"">T</span>CAAATAGGCTCAGTGCAAGGGAGGCTTTAG""",A,T,coding
NGS_SNP.bcin_chr_4.828000,"bcin_chr_4: 828,000",95,Bcin04g02170,reverse,Has Non-Synonymous,C,N/A,M,T,N/A,I,285,"ACTGAGCCTATTTGAAGGATCCAACCTCGC<span style=\color: red;font-weight: 500;background-color: #CCCCCC\"">C</span>ATATTCACAACCAGATCTCTAAAATTTGCA""","TGCAAATTTTAGAGATCTGGTTGTGAATAT<span style=\color: red;font-weight: 500;background-color: #CCCCCC\"">G</span>GCGAGGTTGGATCCTTCAAATAGGCTCAGT""",C,G,coding
NGS_SNP.bcin_chr_4.828048,"bcin_chr_4: 828,048",79,Bcin04g02170,reverse,Synonymous,T,N/A,R,C,N/A,N/A,237,"TCTAAAATTTGCATCAAGATAAGACCATTT<span style=\color: red;font-weight: 500;background-color: #CCCCCC\"">T</span>CGAACAGGTGTCATCGGACCCTTAAATTCA""","TGAATTTAAGGGTCCGATGACACCTGTTCG<span style=\color: red;font-weight: 500;background-color: #CCCCCC\"">A</span>AAATGGTCTTATCTTGATGCAAATTTTAGA""",T,A,coding
NGS_SNP.bcin_chr_4.915157,"bcin_chr_4: 915,157",N/A,N/A,N/A,N/A,G,N/A,N/A,A,N/A,N/A,N/A,"TTTAGGGACGGACGGGGATATTTAAGGAAT<span style=\color: red;font-weight: 500;background-color: #CCCCCC\"">G</span>TTTGATGGAAACTACAGGCGGCTAAACTGA""",N/A,G,N/A,non-coding
NGS_SNP.bcin_chr_5.1043411,"bcin_chr_5: 1,043,411",N/A,N/A,N/A,N/A,C,N/A,N/A,G,N/A,N/A,N/A,"GGAAGCTACGTCTTGCTGCATGCTCATGCG<span style=\color: red;font-weight: 500;background-color: #CCCCCC\"">G</span>TAGAAACCATTTCGGGAACATAACCATGTC""",N/A,G,N/A,non-coding
NGS_SNP.bcin_chr_5.827839,"bcin_chr_5: 827,839",N/A,N/A,N/A,N/A,G,N/A,N/A,C,N/A,N/A,N/A,"AGCTATCTTCAAAGTACCCTGCTTTGAGCT<span style=\color: red;font-weight: 500;background-color: #CCCCCC\"">G</span>GATATTCAAGAATGTCATCCTTCAAATCTC""",N/A,G,N/A,non-coding
NGS_SNP.bcin_chr_5.828212,"bcin_chr_5: 828,212",N/A,Bcin05g02220,forward,N/A,T,N/A,N/A,G,N/A,N/A,N/A,"CGTTTGTACGTATCTTTCATTTTGCACTTA<span style=\color: red;font-weight: 500;background-color: #CCCCCC\"">T</span>ATCGATGGCAAGATCCTGTCTTGGGCCCCC""",N/A,T,N/A,non-coding
NGS_SNP.bcin_chr_5.828228,"bcin_chr_5: 828,228",N/A,Bcin05g02220,forward,N/A,C,N/A,N/A,A,N/A,N/A,N/A,"TCATTTTGCACTTATATCGATGGCAAGATC<span style=\color: red;font-weight: 500;background-color: #CCCCCC\"">C</span>TGTCTTGGGCCCCCGTTTTCAACAAAGAGA""",N/A,C,N/A,non-coding
NGS_SNP.bcin_chr_5.828232,"bcin_chr_5: 828,232",N/A,Bcin05g02220,forward,N/A,C,N/A,N/A,T,N/A,N/A,N/A,"TTTGCACTTATATCGATGGCAAGATCCTGT<span style=\color: red;font-weight: 500;background-color: #CCCCCC\"">C</span>TTGGGCCCCCGTTTTCAACAAAGAGACATA""",N/A,C,N/A,non-coding
NGS_SNP.bcin_chr_5.828262,"bcin_chr_5: 828,262",N/A,Bcin05g02220,forward,N/A,A,N/A,N/A,T,N/A,N/A,N/A,"CTTGGGCCCCCGTTTTCAACAAAGAGACAT<span style=\color: red;font-weight: 500;background-color: #CCCCCC\"">A</span>CGAAAAAGATAGTTTTAGCTTGACTCGAGC""",N/A,A,N/A,non-coding
NGS_SNP.bcin_chr_5.828430,"bcin_chr_5: 828,430",N/A,Bcin05g02220,forward,N/A,G,N/A,N/A,A,N/A,N/A,N/A,"CCTGCTAAGATAACACCAGCTCAGTGCGAC<span style=\color: red;font-weight: 500;background-color: #CCCCCC\"">G</span>ATTTGATTGAAGCAGTAACTCGACTTGACG""",N/A,G,N/A,non-coding
NGS_SNP.bcin_chr_5.829384,"bcin_chr_5: 829,384",N/A,Bcin05g02220,forward,N/A,T,N/A,N/A,C,N/A,N/A,N/A,"ACTCAAGCGCGAGAAAGAAGGGAATGAGAG<span style=\color: red;font-weight: 500;background-color: #CCCCCC\"">T</span>GGAAGTCGCAAGAGACGCCGCAAGGCTGGG""",N/A,T,N/A,non-coding
NGS_SNP.bcin_chr_6.1041482,"bcin_chr_6: 1,041,482",126,Bcin06g02990,reverse,Synonymous,C,N/A,P,T,N/A,N/A,378,"TGAAGCCAAACTAGATACTGAAGAGTGTTT<span style=\color: red;font-weight: 500;background-color: #CCCCCC\"">T</span>GGAGTAAGATTGACGAGCGGAGTGTTGGTT""","AACCAACACTCCGCTCGTCAATCTTACTCC<span style=\color: red;font-weight: 500;background-color: #CCCCCC\"">A</span>AAACACTCTTCAGTATCTAGTTTGGCTTCA""",T,A,coding
NGS_SNP.bcin_chr_6.1041492,"bcin_chr_6: 1,041,492",123,Bcin06g02990,reverse,Has Non-Synonymous,C,N/A,S,T,N/A,N,368,"CTAGATACTGAAGAGTGTTTTGGAGTAAGA<span style=\color: red;font-weight: 500;background-color: #CCCCCC\"">T</span>TGACGAGCGGAGTGTTGGTTGTAGGCAGCT""","AGCTGCCTACAACCAACACTCCGCTCGTCA<span style=\color: red;font-weight: 500;background-color: #CCCCCC\"">A</span>TCTTACTCCAAAACACTCTTCAGTATCTAG""",T,A,coding
NGS_SNP.bcin_chr_6.1747988,"bcin_chr_6: 1,747,988",288,Bcin06g05150,reverse,Synonymous,A,N/A,N,G,N/A,N/A,864,"GGGAAGAATACGGCCCGGGATGGAACCGGC<span style=\color: red;font-weight: 500;background-color: #CCCCCC\"">A</span>CTGGGAGGTCAGAATGGTATGCATCAAGAA""","TTCTTGATGCATACCATTCTGACCTCCCAG<span style=\color: red;font-weight: 500;background-color: #CCCCCC\"">T</span>GCCGGTTCCATCCCGGGCCGTATTCTTCCC""",A,T,coding
NGS_SNP.bcin_chr_6.1774373,"bcin_chr_6: 1,774,373",N/A,Bcin06g05230,reverse,N/A,G,N/A,N/A,A,N/A,N/A,N/A,"ACCATCAAGAGATAGAGAGGATGAAGGATC<span style=\color: red;font-weight: 500;background-color: #CCCCCC\"">A</span>TCTATTAGATAGACGCCGAGTTAAGTTTCT""","AGAAACTTAACTCGGCGTCTATCTAATAGA<span style=\color: red;font-weight: 500;background-color: #CCCCCC\"">T</span>GATCCTTCATCCTCTCTATCTCTTGATGGT""",A,T,non-coding
NGS_SNP.bcin_chr_6.2607911,"bcin_chr_6: 2,607,911",N/A,Bcin06g07350,reverse,N/A,G,N/A,N/A,A,N/A,N/A,N/A,"CCCTCAATCATTTTTCAATCTCTCTCACCC<span style=\color: red;font-weight: 500;background-color: #CCCCCC\"">A</span>CAAACGTCAACATCCATCCATCACAGCCAA""","TTGGCTGTGATGGATGGATGTTGACGTTTG<span style=\color: red;font-weight: 500;background-color: #CCCCCC\"">T</span>GGGTGAGAGAGATTGAAAAATGATTGAGGG""",A,T,non-coding
NGS_SNP.bcin_chr_6.414571,"bcin_chr_6: 414,571",N/A,Bcin06g01110,reverse,N/A,G,N/A,N/A,A,N/A,N/A,N/A,"AGCTAAAAAACAGCAAGTAAAAGTTTCCCA<span style=\color: red;font-weight: 500;background-color: #CCCCCC\"">A</span>TAAAACCCCTCCTACTCAAAACTCGCCTCG""","CGAGGCGAGTTTTGAGTAGGAGGGGTTTTA<span style=\color: red;font-weight: 500;background-color: #CCCCCC\"">T</span>TGGGAAACTTTTACTTGCTGTTTTTTAGCT""",A,T,non-coding
NGS_SNP.bcin_chr_6.419207,"bcin_chr_6: 419,207",53,Bcin06g01120,reverse,Synonymous,T,N/A,V,C,N/A,N/A,159,"GTGGAACTGATATTTCCCTTTCTCTTTGAG<span style=\color: red;font-weight: 500;background-color: #CCCCCC\"">C</span>ACTTTCATATGATTTTCGAAGGCTGTGGAA""","TTCCACAGCCTTCGAAAATCATATGAAAGT<span style=\color: red;font-weight: 500;background-color: #CCCCCC\"">G</span>CTCAAAGAGAAAGGGAAATATCAGTTCCAC""",C,G,coding
NGS_SNP.bcin_chr_6.632954,"bcin_chr_6: 632,954",146,Bcin06g01810,reverse,Synonymous,C,N/A,T,T,N/A,N/A,438,"ATTCAAAGCCGAAATTACCCTTTGAGGATC<span style=\color: red;font-weight: 500;background-color: #CCCCCC\"">T</span>GTGTCGGGAATATTGAAAATCGCAAAGGTG""","CACCTTTGCGATTTTCAATATTCCCGACAC<span style=\color: red;font-weight: 500;background-color: #CCCCCC\"">A</span>GATCCTCAAAGGGTAATTTCGGCTTTGAAT""",T,A,coding
NGS_SNP.bcin_chr_6.715350,"bcin_chr_6: 715,350",66,Bcin06g02020,forward,Synonymous,T,N/A,V,C,N/A,N/A,198,"ACAAGCAAGCTATGTGATCTCTGTCAAAGT<span style=\color: red;font-weight: 500;background-color: #CCCCCC\"">C</span>GGAATCCCGCCTCAGGATGTTGATTTGACT""",N/A,C,N/A,coding
NGS_SNP.bcin_chr_6.762042,"bcin_chr_6: 762,042",N/A,N/A,N/A,N/A,T,N/A,N/A,C,N/A,N/A,N/A,"TCCCTCAAGTGGCGTCCAATTTTTATTTTT<span style=\color: red;font-weight: 500;background-color: #CCCCCC\"">T</span>TTGGACATTTTTATCATTTCAGGATAAGGA""",N/A,T,N/A,non-coding
NGS_SNP.bcin_chr_7.1938641,"bcin_chr_7: 1,938,641",N/A,N/A,N/A,N/A,C,N/A,N/A,T,N/A,N/A,N/A,"TTAGAAGTTGATACGCCGATCTGAGAATGC<span style=\color: red;font-weight: 500;background-color: #CCCCCC\"">C</span>CAAGCTGATGTGTCAAATAATCTATTGCGC""",N/A,C,N/A,non-coding
NGS_SNP.bcin_chr_7.1942376,"bcin_chr_7: 1,942,376",N/A,Bcin07g05230,reverse,N/A,T,N/A,N/A,C,N/A,N/A,N/A,"ATAGAGAAAGCTATGTCTTTCAATACCCGG<span style=\color: red;font-weight: 500;background-color: #CCCCCC\"">T</span>AGCTTTACAGTACGCAGCAAATGCAGCAAG""","CTTGCTGCATTTGCTGCGTACTGTAAAGCT<span style=\color: red;font-weight: 500;background-color: #CCCCCC\"">A</span>CCGGGTATTGAAAGACATAGCTTTCTCTAT""",T,A,non-coding
NGS_SNP.bcin_chr_7.1944242,"bcin_chr_7: 1,944,242",N/A,N/A,N/A,N/A,G,N/A,N/A,T,N/A,N/A,N/A,"ACCAATTTCTACTTGAGGAAGGAGCGACTA<span style=\color: red;font-weight: 500;background-color: #CCCCCC\"">T</span>GCACGTTTTAGCTTCTTTCCTATTAGATCA""",N/A,T,N/A,non-coding
NGS_SNP.bcin_chr_7.1945389,"bcin_chr_7: 1,945,389",N/A,N/A,N/A,N/A,C,N/A,N/A,A,N/A,N/A,N/A,"AGTGGTTGCAGTTGACGGTGCCTGTCCTGG<span style=\color: red;font-weight: 500;background-color: #CCCCCC\"">C</span>AATGGAACCATACAGGCTCAAAAATCCTCC""",N/A,C,N/A,non-coding
NGS_SNP.bcin_chr_7.1946286,"bcin_chr_7: 1,946,286",N/A,N/A,N/A,N/A,G,N/A,N/A,T,N/A,N/A,N/A,"TATTCGTGTCCGGAAAGTGTCATCTGGAGA<span style=\color: red;font-weight: 500;background-color: #CCCCCC\"">G</span>CTAGGAGTTCATACAAGTATAAACTTGTAG""",N/A,G,N/A,non-coding
NGS_SNP.bcin_chr_7.1946919,"bcin_chr_7: 1,946,919",N/A,N/A,N/A,N/A,C,N/A,N/A,G,N/A,N/A,N/A,"TTTCGTTACGAGAGGAGAAATGGACTCGAA<span style=\color: red;font-weight: 500;background-color: #CCCCCC\"">G</span>TCCAATCTTCACGCACAGAAATGTAATCAC""",N/A,G,N/A,non-coding
NGS_SNP.bcin_chr_7.2096377,"bcin_chr_7: 2,096,377",573,Bcin07g05680,reverse,Synonymous,A,N/A,G,G,N/A,N/A,1719,"ATAGGAGGACCATCCGTACCAGAAGAAGGA<span style=\color: red;font-weight: 500;background-color: #CCCCCC\"">A</span>CCGGGGATGAAAAAAGCAAAGAAGAGACCA""","TGGTCTCTTCTTTGCTTTTTTCATCCCCGG<span style=\color: red;font-weight: 500;background-color: #CCCCCC\"">T</span>TCCTTCTTCTGGTACGGATGGTCCTCCTAT""",A,T,coding
NGS_SNP.bcin_chr_7.2097415,"bcin_chr_7: 2,097,415",N/A,Bcin07g05680,reverse,N/A,G,N/A,N/A,A,N/A,N/A,N/A,"TAGAGGACTACAATTGGTTAATCAAGATGT<span style=\color: red;font-weight: 500;background-color: #CCCCCC\"">G</span>GCATGAAGTAATCATTAGGTAAACGTACCT""","AGGTACGTTTACCTAATGATTACTTCATGC<span style=\color: red;font-weight: 500;background-color: #CCCCCC\"">C</span>ACATCTTGATTAACCAATTGTAGTCCTCTA""",G,C,non-coding
NGS_SNP.bcin_chr_7.2097766,"bcin_chr_7: 2,097,766",167,Bcin07g05680,reverse,Synonymous,T,N/A,T,C,N/A,N/A,501,"CGGCCTTGAGAGCTTCAGAGATGAAGCAAG<span style=\color: red;font-weight: 500;background-color: #CCCCCC\"">T</span>GTGTCCTCTGAAAATGGTCTCGAAGGCTTC""","GAAGCCTTCGAGACCATTTTCAGAGGACAC<span style=\color: red;font-weight: 500;background-color: #CCCCCC\"">A</span>CTTGCTTCATCTCTGAAGCTCTCAAGGCCG""",T,A,coding
NGS_SNP.bcin_chr_8.1406760,"bcin_chr_8: 1,406,760",140,Bcin08g03630,reverse,Synonymous,T,N/A,E,C,N/A,N/A,420,"ATATTGAATTGGGGCTCCTGGGTCCGACCC<span style=\color: red;font-weight: 500;background-color: #CCCCCC\"">T</span>TCTTCGCGAGGCAGTTCGTAAGCTGGGAAA""","TTTCCCAGCTTACGAACTGCCTCGCGAAGA<span style=\color: red;font-weight: 500;background-color: #CCCCCC\"">A</span>GGGTCGGACCCAGGAGCCCCAATTCAATAT""",T,A,coding
NGS_SNP.bcin_chr_8.554122,"bcin_chr_8: 554,122",N/A,N/A,N/A,N/A,T,N/A,N/A,G,N/A,N/A,N/A,"GTGTGACCGTCTTGAGATCTTCATAAACCA<span style=\color: red;font-weight: 500;background-color: #CCCCCC\"">T</span>CACGTAGCCAACAACTTTCCCGCCAAATAT""",N/A,T,N/A,non-coding
NGS_SNP.bcin_chr_8.554129,"bcin_chr_8: 554,129",N/A,N/A,N/A,N/A,G,N/A,N/A,A,N/A,N/A,N/A,"CGTCTTGAGATCTTCATAAACCATCACGTA<span style=\color: red;font-weight: 500;background-color: #CCCCCC\"">G</span>CCAACAACTTTCCCGCCAAATATCACATAT""",N/A,G,N/A,non-coding
NGS_SNP.bcin_chr_8.554134,"bcin_chr_8: 554,134",N/A,N/A,N/A,N/A,C,N/A,N/A,A,N/A,N/A,N/A,"TGAGATCTTCATAAACCATCACGTAGCCAA<span style=\color: red;font-weight: 500;background-color: #CCCCCC\"">C</span>AACTTTCCCGCCAAATATCACATATTCGAA""",N/A,C,N/A,non-coding
NGS_SNP.bcin_chr_8.554142,"bcin_chr_8: 554,142",N/A,N/A,N/A,N/A,C,N/A,N/A,T,N/A,N/A,N/A,"TCATAAACCATCACGTAGCCAACAACTTTC<span style=\color: red;font-weight: 500;background-color: #CCCCCC\"">C</span>CGCCAAATATCACATATTCGAAGTTGGAAG""",N/A,C,N/A,non-coding
NGS_SNP.bcin_chr_8.554313,"bcin_chr_8: 554,313",N/A,N/A,N/A,N/A,T,N/A,N/A,C,N/A,N/A,N/A,"AGAGCTAGTTATATACGAGAAGTAATAGTT<span style=\color: red;font-weight: 500;background-color: #CCCCCC\"">T</span>ATATAACTATAGACCTACTAATAAAAGAGC""",N/A,T,N/A,non-coding
NGS_SNP.bcin_chr_8.554633,"bcin_chr_8: 554,633",N/A,N/A,N/A,N/A,T,N/A,N/A,C,N/A,N/A,N/A,"CACGATACGATGATACGCTTCGAGTAATTG<span style=\color: red;font-weight: 500;background-color: #CCCCCC\"">T</span>AGTCTCCTGATACCGCAATATCCATCTCGA""",N/A,T,N/A,non-coding
NGS_SNP.bcin_chr_8.554651,"bcin_chr_8: 554,651",N/A,N/A,N/A,N/A,A,N/A,N/A,G,N/A,N/A,N/A,"TTCGAGTAATTGTAGTCTCCTGATACCGCA<span style=\color: red;font-weight: 500;background-color: #CCCCCC\"">A</span>TATCCATCTCGATACTCCGGATGCAAAACC""",N/A,A,N/A,non-coding
NGS_SNP.bcin_chr_8.554671,"bcin_chr_8: 554,671",N/A,N/A,N/A,N/A,G,N/A,N/A,A,N/A,N/A,N/A,"TGATACCGCAATATCCATCTCGATACTCCG<span style=\color: red;font-weight: 500;background-color: #CCCCCC\"">G</span>ATGCAAAACCACAATCTAGCAAAATGGAGA""",N/A,G,N/A,non-coding
NGS_SNP.bcin_chr_8.554674,"bcin_chr_8: 554,674",N/A,N/A,N/A,N/A,G,N/A,N/A,A,N/A,N/A,N/A,"TACCGCAATATCCATCTCGATACTCCGGAT<span style=\color: red;font-weight: 500;background-color: #CCCCCC\"">G</span>CAAAACCACAATCTAGCAAAATGGAGAAGA""",N/A,G,N/A,non-coding
NGS_SNP.bcin_chr_8.554675,"bcin_chr_8: 554,675",N/A,N/A,N/A,N/A,C,N/A,N/A,T,N/A,N/A,N/A,"ACCGCAATATCCATCTCGATACTCCGGATG<span style=\color: red;font-weight: 500;background-color: #CCCCCC\"">C</span>AAAACCACAATCTAGCAAAATGGAGAAGAG""",N/A,C,N/A,non-coding
NGS_SNP.bcin_chr_8.554680,"bcin_chr_8: 554,680",N/A,N/A,N/A,N/A,C,N/A,N/A,T,N/A,N/A,N/A,"AATATCCATCTCGATACTCCGGATGCAAAA<span style=\color: red;font-weight: 500;background-color: #CCCCCC\"">C</span>CACAATCTAGCAAAATGGAGAAGAGTGGGT""",N/A,C,N/A,non-coding
NGS_SNP.bcin_chr_8.555109,"bcin_chr_8: 555,109",N/A,N/A,N/A,N/A,T,N/A,N/A,C,N/A,N/A,N/A,"TGTAAAATTAACACGCTACCGATATGATAT<span style=\color: red;font-weight: 500;background-color: #CCCCCC\"">T</span>AGGATTCTTCAAGCCTTTTGCAGATCTATA""",N/A,T,N/A,non-coding
NGS_SNP.bcin_chr_9.385119,"bcin_chr_9: 385,119",N/A,N/A,N/A,N/A,T,N/A,N/A,C,N/A,N/A,N/A,"TTTCTGACAAAAGTATGTATAATGCAACGA<span style=\color: red;font-weight: 500;background-color: #CCCCCC\"">T</span>GAGATGACTTGTTAACATCGCGGGATTATA""",N/A,T,N/A,non-coding
NGS_SNP.bcin_chr_9.724201,"bcin_chr_9: 724,201",N/A,N/A,N/A,N/A,A,N/A,N/A,C,N/A,N/A,N/A,"ACCATGCGCCATACCAAAAATATCAAATAA<span style=\color: red;font-weight: 500;background-color: #CCCCCC\"">C</span>AAAATTATCTGATCGCACCCTGGATTCGAG""",N/A,C,N/A,non-coding
NGS_SNP.bcin_chr_9.724847,"bcin_chr_9: 724,847",N/A,N/A,N/A,N/A,T,N/A,N/A,C,N/A,N/A,N/A,"CCCCCGCTTCAAACTTCCTCTTCCTTCCCG<span style=\color: red;font-weight: 500;background-color: #CCCCCC\"">C</span>CAATTTTCAGCTCCAGAAGCCCTCCTCTTT""",N/A,C,N/A,non-coding